Domain,Noise,Seed,EvolvedEquation,FinalMSE
0.1,0.0,0,((0.5 - X[t-5]) - 0.5),0.1201
0.1,0.0,1,(X[t-2] * (0.5 - 0.1)),0.1142
0.1,0.0,2,(0.5 * ((X[t-4] - X[t-4]) / 0.1)),0.1717
0.1,0.0,3,(X[t-2] / 1.0),0.0734
0.1,0.0,4,(X[t-2] * 0.5),0.0741
0.1,0.01,0,(X[t-1] * 0.5),0.0740
0.1,0.01,1,0.1,0.0316
0.1,0.01,2,(-1.0 * (X[t-1] - X[t-1])),0.1369
0.1,0.01,3,(0.5 * X[t-2]),0.0742
0.1,0.01,4,(0.1 - (-1.0 * X[t-1])),0.1285
0.1,0.05,0,(0.1 - (-1.0 * X[t-1])),0.1306
0.1,0.05,1,(-1.0 - (-1.0 - X[t-2])),0.1254
0.1,0.05,2,((0.1 - X[t-1]) * 0.1),0.1202
0.1,0.05,3,(0.1 - 0.1),0.0652
0.1,0.05,4,(X[t-1] - (0.5 * X[t-1])),0.1315
0.1,0.1,0,(X[t-1] - (0.5 - 0.5)),0.1237
0.1,0.1,1,(X[t-2] / (X[t-1] / X[t-1])),0.1543
0.1,0.1,2,(0.5 * X[t-1]),0.0837
0.1,0.1,3,((X[t-1] - X[t-4]) * 0.5),0.1400
0.1,0.1,4,(X[t-1] - (X[t-1] * 0.1)),0.1391
0.1,0.25,0,0.1,0.0945
0.1,0.25,1,(X[t-4] * -1.0),0.1475
0.1,0.25,2,X[t-2],0.0926
0.1,0.25,3,(X[t-1] + X[t-2]),0.1458
0.1,0.25,4,X[t-2],0.0976
0.1,0.5,0,(X[t-3] + X[t-2]),0.3350
0.1,0.5,1,(X[t-1] - (-1.0 - -1.0)),0.3705
0.1,0.5,2,(X[t-2] * 0.5),0.3275
0.1,0.5,3,X[t-1],0.2967
0.1,0.5,4,X[t-2],0.2804
0.5,0.0,0,(X[t-1] + X[t-2]),0.0851
0.5,0.0,1,(X[t-1] + X[t-2]),0.0851
0.5,0.0,2,(X[t-2] + X[t-1]),0.0851
0.5,0.0,3,"avg((X[t-1] + X[t-2]), X[t-2])",0.1690
0.5,0.0,4,(X[t-1] + X[t-2]),0.0851
0.5,0.01,0,(X[t-2] + X[t-1]),0.0852
0.5,0.01,1,"avg(X[t-2], X[t-1])",0.1343
0.5,0.01,2,(X[t-1] + X[t-2]),0.0852
0.5,0.01,3,(X[t-2] + X[t-1]),0.0851
0.5,0.01,4,"avg((X[t-1] + X[t-1]), X[t-2])",0.1717
0.5,0.05,0,"avg((X[t-1] + X[t-1]), X[t-2])",0.1745
0.5,0.05,1,(X[t-1] + X[t-2]),0.0875
0.5,0.05,2,"(avg(X[t-2], X[t-1]) * exp(0.5))",0.1674
0.5,0.05,3,(X[t-2] + X[t-1]),0.0876
0.5,0.05,4,"(avg(X[t-1], X[t-1]) + X[t-2])",0.1525
0.5,0.1,0,((X[t-1] + X[t-2]) - (0.1 * X[t-1])),0.1897
0.5,0.1,1,(X[t-2] + X[t-1]),0.0946
0.5,0.1,2,(X[t-2] - (X[t-1] / -1.0)),0.1400
0.5,0.1,3,(X[t-1] + X[t-2]),0.0953
0.5,0.1,4,(X[t-1] + X[t-2]),0.0950
0.5,0.25,0,(X[t-2] + X[t-1]),0.1476
0.5,0.25,1,(X[t-2] + X[t-1]),0.1435
0.5,0.25,2,"(avg(X[t-2], X[t-1]) + X[t-1])",0.2582
0.5,0.25,3,((X[t-2] + X[t-1]) / (X[t-1] / X[t-1])),0.2606
0.5,0.25,4,((X[t-1] - sin(X[t-1])) + X[t-2]),0.2973
0.5,0.5,0,(X[t-1] + X[t-2]),0.3378
0.5,0.5,1,"avg(X[t-1], X[t-2])",0.3827
0.5,0.5,2,(X[t-2] + X[t-1]),0.3402
0.5,0.5,3,(X[t-1] + X[t-2]),0.3325
0.5,0.5,4,(X[t-1] + X[t-2]),0.3446
1.0,0.0,0,(X[t-1] - (X[t-2] / -1.0)),0.1336
1.0,0.0,1,(X[t-1] + X[t-2]),0.0882
1.0,0.0,2,(X[t-1] + X[t-2]),0.0885
1.0,0.0,3,(X[t-2] + X[t-1]),0.0891
1.0,0.0,4,(X[t-1] - (X[t-2] * -1.0)),0.1335
1.0,0.01,0,(X[t-2] - ((X[t-1] - X[t-1]) - X[t-1])),0.1983
1.0,0.01,1,(X[t-2] + X[t-1]),0.0886
1.0,0.01,2,(X[t-2] + X[t-1]),0.0892
1.0,0.01,3,"(avg(X[t-1], X[t-2]) / 0.5)",0.1386
1.0,0.01,4,"avg((X[t-1] + X[t-1]), X[t-2])",0.2357
1.0,0.05,0,"avg((X[t-1] + X[t-1]), X[t-2])",0.2373
1.0,0.05,1,(X[t-2] + X[t-1]),0.0912
1.0,0.05,2,"avg(X[t-2], X[t-1])",0.2368
1.0,0.05,3,(X[t-2] + X[t-1]),0.0913
1.0,0.05,4,(X[t-2] - (X[t-1] * -1.0)),0.1362
1.0,0.1,0,((X[t-1] - X[t-1]) + (X[t-1] + X[t-2])),0.2093
1.0,0.1,1,(X[t-1] + X[t-2]),0.0984
1.0,0.1,2,(X[t-2] + X[t-1]),0.0987
1.0,0.1,3,(X[t-1] + X[t-2]),0.0995
1.0,0.1,4,(X[t-2] - (sin(X[t-1]) * -1.0)),0.1644
1.0,0.25,0,(X[t-1] + X[t-2]),0.1516
1.0,0.25,1,(X[t-1] + X[t-2]),0.1549
1.0,0.25,2,((X[t-1] / 1.0) + X[t-2]),0.1928
1.0,0.25,3,(X[t-1] + X[t-2]),0.1480
1.0,0.25,4,((X[t-1] - (X[t-1] - X[t-1])) + X[t-2]),0.2578
1.0,0.5,0,(X[t-2] + X[t-1]),0.3367
1.0,0.5,1,(X[t-2] + X[t-1]),0.3411
1.0,0.5,2,(X[t-2] + X[t-1]),0.3288
1.0,0.5,3,"(X[t-2] + avg(X[t-1], X[t-1]))",0.3971
1.0,0.5,4,(X[t-1] + (X[t-1] - (X[t-1] - X[t-2]))),0.4496
2.0,0.0,0,"(sin(avg(X[t-1], X[t-1])) + X[t-2])",0.1750
2.0,0.0,1,"avg(X[t-1], (X[t-1] + (X[t-2] + X[t-2])))",0.3955
2.0,0.0,2,"(X[t-1] * (avg((X[t-1] + X[t-2]), (X[t-1] - X[t-1])) / X[t-1]))",0.7235
2.0,0.0,3,(X[t-1] + X[t-2]),0.2748
2.0,0.0,4,(X[t-2] + X[t-1]),0.2811
2.0,0.01,0,"(X[t-2] + avg(0.1, X[t-1]))",0.1963
2.0,0.01,1,(X[t-2] + X[t-1]),0.2669
2.0,0.01,2,(X[t-2] + X[t-1]),0.2746
2.0,0.01,3,(X[t-1] + X[t-2]),0.2808
2.0,0.01,4,"(X[t-2] + avg(X[t-1], 0.5))",0.2490
2.0,0.05,0,"(X[t-2] + avg(X[t-1], 0.5))",0.2516
2.0,0.05,1,((X[t-1] - (X[t-1] - X[t-1])) + X[t-2]),0.3890
2.0,0.05,2,"(exp(0.5) * avg(X[t-2], X[t-1]))",0.2700
2.0,0.05,3,((X[t-2] + X[t-1]) + ((X[t-1] - X[t-1]) / X[t-4])),0.4204
2.0,0.05,4,(sin(X[t-1]) - (X[t-1] - (X[t-2] + X[t-1]))),0.2226
2.0,0.1,0,(X[t-1] - ((X[t-1] - X[t-2]) - sin(X[t-1]))),0.2300
2.0,0.1,1,(sin(X[t-1]) + X[t-2]),0.1200
2.0,0.1,2,(X[t-2] + X[t-1]),0.2886
2.0,0.1,3,(X[t-2] - (0.5 * (-1.0 * X[t-1]))),0.2369
2.0,0.1,4,(X[t-1] + (X[t-2] - (0.5 * X[t-1]))),0.2449
2.0,0.25,0,((X[t-2] + X[t-1]) * (X[t-1] / X[t-1])),0.4483
2.0,0.25,1,(X[t-1] + X[t-2]),0.3282
2.0,0.25,2,(X[t-2] - ((X[t-1] - X[t-1]) - sin(X[t-1]))),0.2822
2.0,0.25,3,"avg(X[t-1], (X[t-2] + X[t-2]))",0.2704
2.0,0.25,4,(X[t-2] + X[t-1]),0.3598
2.0,0.5,0,(X[t-1] + X[t-2]),0.5284
2.0,0.5,1,(X[t-1] + X[t-2]),0.5459
2.0,0.5,2,"avg(X[t-1], (X[t-2] + X[t-2]))",0.4413
2.0,0.5,3,"(avg((X[t-1] - X[t-1]), X[t-1]) + X[t-2])",0.5017
2.0,0.5,4,(X[t-1] - ((X[t-1] * log(X[t-1])) - X[t-2])),0.5231
3.14159,0.0,0,"avg(X[t-2], X[t-2])",0.6028
3.14159,0.0,1,X[t-2],0.5328
3.14159,0.0,2,(X[t-2] - 0.1),0.5848
3.14159,0.0,3,((X[t-2] / X[t-1]) * X[t-1]),0.6489
3.14159,0.0,4,(X[t-2] - (X[t-1] / (X[t-1] - exp(X[t-1])))),0.3360
3.14159,0.01,0,((X[t-2] - X[t-4]) - ((X[t-1] - X[t-4]) - X[t-1])),0.7531
3.14159,0.01,1,(X[t-2] + sin(X[t-1])),0.1101
3.14159,0.01,2,(X[t-2] + (abs(X[t-1]) / X[t-1])),0.3946
3.14159,0.01,3,X[t-2],0.5405
3.14159,0.01,4,"avg(X[t-2], X[t-2])",0.5984
3.14159,0.05,0,"avg(X[t-2], X[t-2])",0.5984
3.14159,0.05,1,"avg(X[t-1], (X[t-2] + X[t-2]))",0.4690
3.14159,0.05,2,(sin(X[t-1]) - (0.5 - X[t-2])),0.4028
3.14159,0.05,3,(X[t-1] - ((0.5 * X[t-1]) - X[t-2])),0.5283
3.14159,0.05,4,X[t-2],0.5394
3.14159,0.1,0,(1.0 * X[t-2]),0.5794
3.14159,0.1,1,(X[t-2] - ((log(X[t-1]) * X[t-1]) - X[t-1])),0.3276
3.14159,0.1,2,(X[t-2] - (X[t-1] - X[t-1])),0.6492
3.14159,0.1,3,(X[t-2] - abs(0.1)),0.6436
3.14159,0.1,4,(X[t-1] - ((log(X[t-1]) * X[t-1]) - X[t-2])),0.3233
3.14159,0.25,0,X[t-2],0.6169
3.14159,0.25,1,X[t-2],0.5916
3.14159,0.25,2,"((((X[t-2] * 1.0) - 0.5) + X[t-1]) - avg(X[t-1], -1.0))",0.6472
3.14159,0.25,3,X[t-2],0.6116
3.14159,0.25,4,(X[t-1] - ((X[t-1] * log(X[t-1])) - X[t-2])),0.3711
3.14159,0.5,0,((sin(X[t-1]) + X[t-1]) - ((X[t-4] - (X[t-2] - X[t-1])) - X[t-4])),0.5747
3.14159,0.5,1,((X[t-1] * 0.1) + X[t-2]),0.7104
3.14159,0.5,2,X[t-2],0.7658
3.14159,0.5,3,(X[t-2] + (X[t-1] / abs(X[t-1]))),0.6381
3.14159,0.5,4,(X[t-2] - 0.1),0.8170
5.0,0.0,0,X[t-2],0.5744
5.0,0.0,1,(X[t-2] - (sin(X[t-1]) / -1.0)),0.1550
5.0,0.0,2,(1.0 * X[t-2]),0.6054
5.0,0.0,3,"avg(X[t-2], X[t-2])",0.6148
5.0,0.0,4,X[t-2],0.5607
5.0,0.01,0,"avg(X[t-2], X[t-2])",0.6216
5.0,0.01,1,(((X[t-2] * X[t-1]) / X[t-1]) - sin((sin(0.1) - X[t-1]))),0.2897
5.0,0.01,2,(X[t-2] - 0.1),0.5988
5.0,0.01,3,(X[t-2] + (X[t-1] / exp(abs(X[t-1])))),0.5662
5.0,0.01,4,(((X[t-1] - X[t-1]) - X[t-2]) * -1.0),0.7248
5.0,0.05,0,(((X[t-1] - X[t-1]) - X[t-2]) * -1.0),0.7284
5.0,0.05,1,((X[t-2] + X[t-1]) - X[t-1]),0.6836
5.0,0.05,2,"avg(X[t-2], X[t-2])",0.6450
5.0,0.05,3,"(avg(0.5, sin(X[t-1])) - ((X[t-1] - X[t-1]) - X[t-2]))",0.4728
5.0,0.05,4,"(X[t-2] + sin(avg(X[t-1], X[t-1])))",0.1775
5.0,0.1,0,(X[t-2] / 1.0),0.5888
5.0,0.1,1,X[t-2],0.5721
5.0,0.1,2,(X[t-2] * (X[t-1] / X[t-1])),0.6922
5.0,0.1,3,(X[t-1] / (X[t-1] / X[t-2])),0.6765
5.0,0.1,4,((X[t-1] - X[t-1]) + X[t-2]),0.6705
5.0,0.25,0,X[t-2],0.6278
5.0,0.25,1,X[t-2],0.6700
5.0,0.25,2,(X[t-2] / 1.0),0.6756
5.0,0.25,3,X[t-2],0.6129
5.0,0.25,4,X[t-2],0.6177
5.0,0.5,0,(sin(X[t-1]) - (X[t-2] * -1.0)),0.4195
5.0,0.5,1,(X[t-5] - (X[t-5] - X[t-2])),0.8971
5.0,0.5,2,"avg(X[t-2], X[t-2])",0.8293
5.0,0.5,3,(X[t-2] * (X[t-1] / X[t-1])),0.9233
5.0,0.5,4,(X[t-2] - (log(0.5) - sin(X[t-1]))),0.8670
