corruption_distance,p1_gen,p2_gen,exact_gen
1,0,1,3
1,0,0,0
1,2,1,-1
1,24,-1,-1
1,0,0,0
1,10,0,-1
1,0,0,0
1,0,0,1
1,0,-1,-1
1,0,0,0
1,126,0,-1
1,0,0,0
1,0,0,0
1,207,6,-1
1,0,4,-1
1,189,7,-1
1,0,0,0
1,0,0,0
1,0,0,0
1,0,0,0
1,0,0,-1
1,2,0,2
1,0,4,-1
1,0,1,1
1,25,0,-1
1,-1,-1,-1
1,2,1,2
1,0,0,0
1,0,0,0
1,2,0,2
1,0,0,0
1,7,3,-1
1,0,-1,-1
1,0,2,-1
1,0,0,0
1,0,57,-1
1,0,0,0
1,31,10,-1
1,33,0,-1
1,0,0,0
1,5,-1,-1
1,7,0,-1
1,0,0,0
1,48,-1,-1
1,0,0,0
1,0,56,-1
1,2,0,-1
1,23,22,-1
1,36,0,-1
1,3,23,-1
1,0,0,1
1,0,0,0
1,-1,-1,-1
1,0,-1,-1
1,0,-1,-1
1,9,9,-1
1,18,-1,-1
1,4,0,-1
1,-1,12,-1
1,0,0,-1
1,-1,-1,-1
1,0,0,0
1,0,0,0
1,-1,-1,-1
1,-1,-1,-1
1,0,0,3
1,0,0,0
1,0,0,0
1,0,-1,-1
1,-1,7,-1
1,69,-1,-1
1,-1,-1,-1
1,46,0,-1
1,0,67,-1
1,0,0,1
1,-1,-1,-1
1,4,0,-1
1,0,0,0
1,0,-1,-1
1,0,0,1
1,152,200,-1
1,0,3,-1
1,2,0,-1
1,0,44,-1
1,0,4,-1
1,0,0,0
1,2,0,-1
1,4,2,-1
1,0,2,-1
1,-1,0,-1
1,20,-1,-1
1,0,-1,-1
1,11,11,-1
1,6,0,-1
1,78,8,-1
1,0,2,3
1,0,0,0
1,0,-1,-1
1,34,-1,-1
1,0,0,-1
1,4,0,-1
1,62,-1,-1
1,5,0,-1
1,85,0,-1
1,0,-1,-1
1,0,0,0
1,0,0,0
1,0,2,3
1,0,-1,-1
1,0,1,1
1,0,30,-1
1,0,0,0
1,2,-1,-1
1,14,15,-1
1,0,3,-1
1,-1,-1,-1
1,-1,-1,-1
1,1,0,1
1,0,-1,-1
1,7,6,-1
1,2,0,7
1,0,0,0
1,0,0,0
1,0,-1,-1
1,147,-1,-1
1,0,0,1
1,0,2,-1
1,0,0,1
1,20,0,-1
1,7,7,-1
1,32,-1,-1
1,-1,-1,-1
1,2,0,-1
1,3,0,-1
1,15,0,-1
1,40,3,5
1,-1,-1,-1
1,1,0,11
1,155,3,-1
1,0,-1,-1
1,0,0,0
1,0,0,0
1,2,0,-1
1,22,-1,-1
1,4,0,-1
1,-1,-1,-1
1,0,2,-1
1,2,0,-1
1,-1,0,-1
1,118,0,0
1,0,0,0
1,4,3,-1
1,0,-1,-1
1,-1,0,-1
1,0,0,2
1,4,0,-1
1,0,-1,-1
1,0,2,-1
1,-1,-1,-1
1,44,17,-1
1,0,3,-1
1,0,0,0
1,0,1,-1
1,5,5,-1
1,10,-1,-1
1,0,-1,-1
1,0,0,-1
1,2,0,-1
1,0,0,0
1,0,-1,-1
1,0,0,-1
1,-1,0,-1
1,5,0,-1
1,0,3,-1
1,139,1,-1
1,-1,0,-1
1,0,0,-1
1,0,2,2
1,0,0,0
1,0,6,-1
1,0,0,-1
1,6,6,-1
1,0,0,-1
1,1,2,2
1,0,0,0
1,31,8,-1
1,0,0,0
1,0,2,22
1,0,-1,-1
1,0,0,0
1,-1,1,-1
1,16,-1,-1
1,0,0,1
1,59,-1,-1
1,0,0,-1
1,0,-1,-1
1,0,-1,-1
1,0,1,4
1,0,0,-1
1,0,0,-1
1,61,8,-1
1,16,-1,-1
1,0,0,-1
1,0,114,-1
1,-1,-1,-1
1,15,4,-1
1,5,0,-1
1,8,-1,-1
1,10,8,-1
1,0,0,3
1,0,0,0
1,3,2,-1
1,20,5,-1
1,0,0,0
1,1,0,1
1,0,0,0
1,0,0,-1
1,0,0,0
1,5,-1,5
1,90,90,-1
1,0,0,-1
1,0,0,-1
1,10,16,-1
1,2,1,2
1,0,0,0
1,0,1,-1
1,34,-1,-1
1,0,120,-1
1,20,20,-1
1,6,6,-1
1,14,10,-1
1,84,90,-1
1,0,0,-1
1,0,0,0
1,5,5,-1
1,0,4,-1
1,210,-1,-1
1,0,0,-1
1,0,0,0
1,124,-1,-1
1,0,0,-1
1,9,9,-1
1,98,18,-1
1,0,0,2
1,0,0,0
1,0,-1,-1
1,0,1,-1
1,29,-1,-1
1,0,-1,-1
1,0,0,-1
1,0,0,-1
1,1,0,-1
1,0,0,0
1,0,6,-1
1,0,27,-1
1,0,115,-1
1,4,4,-1
1,0,0,0
1,-1,0,-1
1,-1,0,-1
1,0,-1,-1
1,0,-1,-1
1,-1,0,-1
1,47,6,-1
1,0,2,-1
1,39,-1,-1
1,0,-1,-1
1,31,-1,-1
1,0,0,0
1,2,0,7
1,0,0,0
1,1,0,-1
1,0,-1,-1
1,0,0,-1
1,0,0,0
1,0,-1,-1
1,0,1,1
1,0,5,-1
1,5,0,-1
1,-1,0,-1
1,0,-1,-1
1,-1,2,-1
1,87,-1,-1
1,-1,0,-1
1,-1,0,-1
1,-1,2,-1
1,0,0,0
1,0,-1,-1
1,0,0,0
1,0,-1,-1
1,0,2,-1
1,0,0,1
1,0,0,0
1,0,0,2
1,-1,0,-1
1,186,-1,-1
1,-1,6,-1
1,0,0,-1
1,0,0,0
1,0,-1,-1
1,5,0,-1
1,0,0,0
1,-1,-1,-1
1,6,2,-1
1,0,0,0
1,0,0,0
1,0,1,-1
1,0,0,0
1,-1,0,-1
1,137,157,-1
1,98,-1,-1
1,0,0,0
1,16,-1,-1
1,0,1,-1
1,6,-1,-1
1,0,0,0
1,0,0,0
1,0,-1,-1
1,-1,-1,-1
1,0,-1,-1
1,0,-1,-1
1,0,-1,-1
1,73,2,-1
1,-1,-1,-1
1,0,-1,-1
1,7,8,-1
1,0,-1,-1
1,124,-1,-1
1,43,0,-1
1,5,4,-1
1,-1,-1,-1
1,-1,9,-1
1,58,0,-1
1,-1,0,-1
1,165,0,-1
1,3,0,-1
1,7,-1,-1
1,4,0,-1
1,246,0,-1
1,0,0,0
1,-1,0,-1
1,0,0,0
1,135,0,-1
1,0,0,0
1,0,0,0
1,0,-1,-1
1,0,0,0
1,-1,-1,-1
1,23,-1,-1
1,190,0,-1
1,0,0,-1
1,6,0,-1
1,0,0,0
1,9,-1,-1
1,0,0,-1
1,0,0,-1
1,-1,0,-1
1,0,-1,-1
1,-1,-1,-1
1,0,6,20
1,0,0,-1
1,-1,-1,-1
1,0,-1,-1
1,0,0,-1
1,-1,-1,-1
1,0,-1,-1
1,60,-1,-1
1,230,0,-1
1,79,79,-1
1,4,4,-1
1,0,0,0
1,0,0,0
1,6,7,7
1,0,2,-1
1,7,7,-1
1,0,0,1
1,1,0,-1
1,0,0,0
1,23,-1,-1
1,0,0,0
1,3,0,-1
1,0,0,-1
1,0,-1,-1
1,61,60,-1
1,0,-1,-1
1,-1,-1,-1
1,0,0,-1
1,4,0,4
1,0,-1,-1
1,0,0,0
1,-1,-1,-1
1,28,-1,-1
1,1,0,-1
1,75,75,-1
1,-1,-1,-1
1,9,-1,-1
1,1,0,-1
1,2,0,-1
1,0,3,-1
1,-1,-1,-1
1,0,0,0
1,-1,-1,-1
1,7,6,-1
1,1,0,2
1,27,-1,-1
1,6,6,-1
1,0,-1,-1
1,0,0,1
1,0,-1,-1
1,0,-1,-1
1,0,0,2
1,-1,0,-1
1,0,0,2
1,2,1,-1
1,0,0,0
1,0,0,-1
1,0,0,-1
1,4,0,-1
1,-1,0,-1
1,0,3,-1
1,0,-1,-1
1,0,2,-1
1,4,0,4
1,0,-1,-1
1,0,-1,-1
1,26,-1,-1
1,0,-1,-1
1,4,0,-1
1,7,13,-1
1,17,-1,-1
1,0,0,0
1,-1,-1,-1
1,4,4,-1
1,-1,0,-1
1,0,0,2
1,30,15,-1
1,4,0,-1
1,19,-1,-1
1,1,0,-1
1,1,0,-1
1,0,0,1
1,0,-1,-1
1,0,0,-1
1,66,-1,-1
1,32,-1,-1
1,0,8,-1
1,0,0,-1
1,4,0,-1
1,0,0,1
1,0,10,-1
1,9,1,-1
1,0,0,2
1,-1,4,-1
1,0,-1,-1
1,0,2,-1
1,4,4,-1
1,3,0,-1
1,0,-1,-1
1,-1,-1,-1
1,0,-1,-1
1,0,0,1
1,13,-1,-1
1,16,8,-1
1,0,-1,-1
1,0,1,2
1,5,-1,-1
1,0,1,2
1,20,0,-1
1,89,0,-1
1,4,0,-1
1,0,0,-1
1,0,13,-1
1,23,-1,-1
1,0,-1,-1
1,0,0,-1
1,0,0,-1
1,0,3,-1
1,2,0,-1
1,0,0,0
1,0,0,0
1,0,-1,-1
1,30,7,-1
1,3,0,-1
1,0,0,0
1,0,-1,-1
1,-1,0,0
1,66,35,-1
1,15,11,14
1,0,0,0
1,-1,5,-1
1,28,0,-1
1,35,57,-1
1,0,0,1
1,0,0,0
1,0,1,-1
1,0,0,0
1,-1,3,-1
1,71,72,-1
1,0,0,0
1,19,0,-1
2,-1,-1,-1
2,0,1,1
2,0,-1,-1
2,6,6,-1
2,67,133,-1
2,-1,-1,-1
2,-1,-1,-1
2,0,-1,-1
2,-1,-1,-1
2,0,-1,-1
2,-1,-1,-1
2,0,-1,-1
2,7,6,-1
2,-1,-1,-1
2,17,-1,-1
2,16,14,-1
2,-1,-1,-1
2,4,11,-1
2,1,0,-1
2,-1,-1,-1
2,-1,6,-1
2,-1,-1,-1
2,-1,0,-1
2,86,1,-1
2,4,-1,-1
2,6,5,-1
2,-1,28,-1
2,-1,-1,-1
2,-1,-1,-1
2,2,0,-1
2,1,4,-1
2,2,3,4
2,-1,3,-1
2,-1,-1,-1
2,16,15,16
2,0,0,-1
2,0,-1,-1
2,39,16,-1
2,0,3,-1
2,173,14,-1
2,113,-1,-1
2,-1,-1,-1
2,75,-1,-1
2,75,32,-1
2,0,-1,-1
2,44,32,-1
2,216,16,-1
2,-1,0,-1
2,5,18,-1
2,3,3,-1
2,77,-1,-1
2,0,-1,-1
2,-1,-1,-1
2,-1,-1,-1
2,0,-1,-1
2,30,30,-1
2,0,-1,-1
2,106,81,-1
2,0,0,-1
2,236,0,-1
2,5,-1,-1
2,0,-1,-1
2,-1,12,-1
2,5,5,5
2,6,4,-1
2,66,-1,-1
2,89,-1,-1
2,17,17,-1
2,62,-1,-1
2,5,6,-1
2,63,63,-1
2,4,-1,-1
2,0,76,-1
2,-1,213,-1
2,-1,-1,-1
2,-1,8,-1
2,71,-1,-1
2,62,-1,-1
2,0,0,-1
2,5,-1,-1
2,-1,2,-1
2,-1,-1,-1
2,100,2,-1
2,24,11,-1
2,206,238,-1
2,0,-1,-1
2,-1,4,-1
2,17,42,-1
2,-1,-1,-1
2,4,-1,-1
2,0,-1,-1
2,23,22,-1
2,0,0,-1
2,-1,-1,-1
2,0,0,-1
2,-1,0,-1
2,7,7,-1
2,95,-1,-1
2,-1,-1,-1
2,0,0,-1
2,0,-1,-1
2,49,-1,-1
2,0,0,0
2,-1,-1,-1
2,36,-1,-1
2,81,-1,-1
2,5,-1,-1
2,-1,-1,-1
2,2,0,-1
2,0,2,-1
2,108,-1,-1
2,0,-1,-1
2,2,0,-1
2,0,-1,-1
2,-1,-1,-1
2,32,-1,-1
2,-1,-1,-1
2,-1,0,-1
2,4,-1,-1
2,-1,-1,-1
2,-1,-1,-1
2,20,0,-1
2,58,163,-1
2,-1,-1,-1
2,0,21,-1
2,-1,9,-1
2,2,0,-1
2,-1,-1,-1
2,-1,0,-1
2,-1,-1,-1
2,66,12,-1
2,0,0,-1
2,220,-1,-1
2,3,1,-1
2,173,-1,-1
2,94,4,-1
2,-1,-1,-1
2,1,0,-1
2,229,-1,-1
2,215,21,-1
2,29,29,-1
2,82,0,-1
2,0,-1,-1
2,178,129,-1
2,-1,1,-1
2,4,0,-1
2,0,0,0
2,0,-1,-1
2,59,42,-1
2,25,134,-1
2,-1,-1,-1
2,0,-1,-1
2,13,12,-1
2,15,14,-1
2,-1,-1,-1
2,4,0,-1
2,-1,-1,-1
2,-1,-1,-1
2,0,2,-1
2,-1,-1,-1
2,0,183,-1
2,-1,0,-1
2,-1,-1,-1
2,246,-1,-1
2,11,17,-1
2,156,11,-1
2,-1,-1,-1
2,2,0,-1
2,14,13,-1
2,-1,-1,-1
2,1,3,-1
2,7,7,-1
2,-1,6,-1
2,114,0,-1
2,16,-1,-1
2,2,0,2
2,-1,-1,-1
2,15,109,-1
2,0,-1,-1
2,10,11,-1
2,5,5,-1
2,-1,-1,-1
2,-1,10,-1
2,-1,-1,-1
2,-1,-1,-1
2,10,0,-1
2,75,-1,-1
2,-1,24,-1
2,12,10,-1
2,5,0,-1
2,96,229,-1
2,112,0,-1
2,10,-1,-1
2,0,2,-1
2,0,2,2
2,31,0,-1
2,-1,-1,-1
2,8,2,-1
2,0,-1,-1
2,118,-1,-1
2,8,47,-1
2,1,-1,-1
2,0,-1,-1
2,202,-1,-1
2,-1,-1,-1
2,0,-1,-1
2,1,0,1
2,138,138,-1
2,-1,-1,-1
2,211,-1,-1
2,72,-1,-1
2,-1,-1,-1
2,53,5,-1
2,-1,12,-1
2,-1,7,-1
2,5,0,-1
2,69,-1,-1
2,7,0,-1
2,2,-1,-1
2,0,4,-1
2,16,16,-1
2,2,2,-1
2,225,-1,-1
2,-1,5,-1
2,-1,-1,-1
2,0,-1,-1
2,142,-1,-1
2,5,-1,-1
2,-1,-1,-1
2,0,1,1
2,0,52,-1
2,-1,-1,-1
2,35,-1,-1
2,0,1,-1
2,72,0,-1
2,151,-1,-1
2,-1,-1,-1
2,210,-1,-1
2,0,-1,-1
2,-1,11,-1
2,4,126,-1
2,-1,-1,-1
2,11,4,-1
2,160,12,-1
2,109,5,-1
2,5,6,-1
2,68,-1,-1
2,0,0,-1
2,29,0,-1
2,6,1,-1
2,0,0,-1
2,48,23,-1
2,151,-1,-1
2,0,1,0
2,0,8,-1
2,-1,-1,-1
2,5,5,-1
2,-1,-1,-1
2,0,-1,-1
2,-1,3,-1
2,-1,-1,-1
2,0,1,-1
2,-1,-1,-1
2,1,0,-1
2,0,-1,-1
2,0,0,-1
2,2,-1,-1
2,5,4,-1
2,199,-1,-1
2,60,2,-1
2,0,-1,-1
2,27,30,-1
2,-1,-1,-1
2,4,2,-1
2,-1,4,-1
2,3,0,-1
2,4,-1,-1
2,0,-1,-1
2,-1,-1,-1
2,0,-1,-1
2,0,-1,-1
2,0,-1,-1
2,50,-1,-1
2,-1,3,-1
2,2,-1,-1
2,156,7,-1
2,2,-1,-1
2,5,-1,-1
2,0,3,-1
2,17,16,-1
2,140,-1,-1
2,0,0,-1
2,-1,-1,-1
2,222,-1,-1
2,0,-1,-1
2,104,-1,-1
2,-1,1,-1
2,0,1,-1
2,87,-1,-1
2,5,-1,-1
2,41,-1,-1
2,0,-1,-1
2,-1,13,-1
2,9,9,-1
2,1,0,-1
2,7,-1,-1
2,0,-1,-1
2,0,1,-1
2,0,-1,-1
2,0,5,-1
2,-1,22,-1
2,162,-1,-1
2,-1,-1,-1
2,-1,0,-1
2,0,-1,-1
2,1,0,-1
2,0,24,-1
2,116,2,-1
2,0,-1,-1
2,3,-1,-1
2,0,-1,-1
2,48,1,-1
2,82,0,-1
2,65,-1,-1
2,-1,13,-1
2,15,20,-1
2,-1,-1,-1
2,21,-1,-1
2,49,21,-1
2,19,19,-1
2,59,59,-1
2,46,46,-1
2,0,-1,-1
2,0,-1,-1
2,46,67,-1
2,-1,-1,-1
2,-1,-1,-1
2,9,-1,-1
2,1,1,-1
2,0,-1,-1
2,46,0,-1
2,0,-1,-1
2,-1,-1,-1
2,-1,226,-1
2,11,2,-1
2,-1,12,-1
2,70,2,22
2,0,0,-1
2,8,-1,-1
2,0,4,-1
2,0,-1,-1
2,-1,4,-1
2,-1,-1,-1
2,45,-1,-1
2,12,-1,-1
2,0,7,-1
2,79,0,-1
2,0,1,-1
2,159,173,-1
2,5,5,-1
2,-1,2,-1
2,-1,-1,-1
2,0,-1,-1
2,0,0,-1
2,11,2,-1
2,1,-1,-1
2,0,-1,-1
2,34,-1,-1
2,95,-1,-1
2,91,66,-1
2,6,9,-1
2,94,0,-1
2,0,0,-1
2,-1,-1,-1
2,0,-1,0
2,-1,4,-1
2,-1,73,-1
2,9,-1,-1
2,-1,-1,-1
2,104,12,-1
2,23,-1,-1
2,0,-1,-1
2,0,-1,-1
2,150,-1,-1
2,-1,5,-1
2,0,-1,-1
2,-1,-1,-1
2,-1,-1,-1
2,0,0,-1
2,0,28,-1
2,0,0,-1
2,3,3,-1
2,56,69,-1
2,0,0,-1
2,30,-1,-1
2,-1,97,-1
2,30,7,-1
2,54,-1,-1
2,242,-1,-1
2,134,0,-1
2,40,0,-1
2,-1,-1,-1
2,2,0,-1
2,10,23,-1
2,0,0,-1
2,-1,-1,-1
2,-1,4,-1
2,0,0,3
2,1,0,-1
2,0,0,-1
2,105,25,-1
2,-1,67,-1
2,6,-1,-1
2,28,27,-1
2,-1,29,-1
2,-1,0,-1
2,93,-1,-1
2,7,14,-1
2,0,0,-1
2,192,24,-1
2,4,0,-1
2,-1,-1,-1
2,6,7,-1
2,123,125,-1
2,7,5,-1
2,2,-1,-1
2,0,-1,-1
2,-1,-1,-1
2,-1,-1,-1
2,5,0,-1
2,29,-1,-1
2,128,5,-1
2,-1,-1,-1
2,-1,-1,-1
2,14,-1,-1
2,-1,-1,-1
2,-1,-1,-1
2,0,-1,-1
2,177,177,-1
2,41,-1,-1
2,4,0,-1
2,72,4,-1
2,76,-1,-1
2,128,2,-1
2,9,11,-1
2,42,0,-1
2,1,0,-1
2,-1,-1,-1
2,9,-1,-1
2,0,3,-1
2,-1,-1,-1
2,15,14,-1
2,-1,-1,-1
2,-1,-1,-1
2,4,3,-1
2,-1,8,-1
2,-1,3,-1
2,43,0,-1
2,32,8,-1
2,99,99,-1
2,0,-1,-1
2,-1,-1,-1
2,-1,10,-1
2,-1,-1,-1
2,5,5,-1
2,0,1,3
2,184,-1,-1
2,23,-1,-1
2,0,2,-1
2,0,0,-1
2,4,0,-1
2,-1,-1,-1
2,216,-1,-1
2,58,1,-1
2,2,0,-1
2,-1,-1,-1
2,-1,-1,-1
2,2,0,-1
2,-1,2,-1
2,222,-1,-1
2,9,9,-1
2,1,-1,-1
2,90,0,-1
2,2,0,-1
2,-1,-1,-1
2,0,-1,-1
2,-1,-1,-1
2,-1,-1,-1
2,0,2,-1
2,0,160,-1
2,12,12,-1
2,210,0,-1
2,-1,3,-1
2,-1,6,-1
2,204,7,-1
2,-1,8,-1
2,0,-1,-1
2,23,-1,-1
2,-1,-1,-1
2,-1,-1,-1
